Core_power_sum(W),CPU_power(W),CPU_usage(%),Time(s)
57.5959,86.6875,20,1.002067
44.2066,73.8427,11,2.003112
41.8341,73.292,11,3.004538
78.6928,112.005,36,4.005696
44.6298,78.0003,12,5.006965
106.902,138.436,58,6.007909
60.7622,92.3206,15,7.009144
78.825,112.745,32,8.010028
107.102,140.606,54,9.010987
107.743,145.834,58,10.012136
111.613,149.875,61,11.013368
112.723,151.597,62,12.014266
111.004,149.262,62,13.015191
113.544,152.09,62,14.016055
113.062,151.704,62,15.017094
110.774,149.674,59,16.018175
112.83,151.853,61,17.019261
112.416,151.002,61,18.020257
95.5409,134.327,51,19.021265
109.271,148.157,59,20.022269
102.795,141.711,56,21.023313
87.1068,125.072,46,22.024256
73.6436,110.184,36,23.025263
101.722,139.324,53,24.026185
92.0477,130.403,48,25.026949
84.3676,122.56,43,26.027766
80.0142,116.846,37,27.028615
93.3112,131.027,48,28.029512
91.6461,130.136,48,29.030473
91.6623,130.232,48,30.031429
89.9613,128.374,46,31.032331
79.5209,117.07,40,32.033484
74.3483,111.89,36,33.034492
84.822,122.549,43,34.035354
89.7639,127.125,44,35.036259
92.2925,130.793,47,36.037304
92.2111,130.665,48,37.038282
92.4177,131.123,49,38.039255
87.4333,125.69,45,39.040239
77.6071,114.58,37,40.041317
97.3922,135.199,50,41.04266
75.6874,113.266,37,42.043685
76.0188,113.658,38,43.044709
76.6576,113.293,36,44.045606
99.8258,136.881,52,45.046658
83.2077,121.304,43,46.047673
81.2171,119.255,40,47.048688
85.8955,123.623,42,48.049734
95.6685,134.226,51,49.050767
93.0568,131.623,48,50.051774
91.0626,129.596,47,51.05282
90.0166,128.589,46,52.053975
89.6389,128.147,46,53.055026
88.6098,127.159,47,54.055941
88.6755,127.039,45,55.056979
88.3836,126.831,44,56.058003
66.89,104.342,32,57.059097
81.5892,118.37,40,58.060191
67.409,104.485,31,59.06122
58.1544,94.7564,25,60.062216
77.9348,113.733,35,61.06319
86.5793,123.546,43,62.064155
94.4774,133.178,50,63.065235
93.6699,132.293,50,64.066308
88.5395,126.914,46,65.067309
88.4814,126.819,47,66.068241
89.6914,128.273,48,67.069692
87.8067,126.278,46,68.070587
91.1792,129.41,46,69.071498
90.1507,127.873,45,70.072458
87.5985,125.679,44,71.073391
77.4624,115.413,38,72.074318
73.1871,110.524,34,73.075198
75.0163,111.96,37,74.076138
81.0564,118.587,41,75.077092
76.5541,114.226,37,76.077905
72.681,110.108,34,77.07884
85.5957,122.876,41,78.079911
91.7107,129.271,46,79.080972
90.483,128.631,45,80.081988
89.9984,128.456,47,81.08287
82.128,120.345,41,82.08389
85.1379,122.823,43,83.085019
79.4343,117.365,39,84.086182
79.1452,116.842,38,85.087216
86.6624,124.172,43,86.088133
89.1264,127.207,44,87.089075
88.3137,126.714,45,88.090035
88.605,127.058,45,89.09101
86.4575,124.942,44,90.091967
80.2094,118.236,40,91.092982
77.6596,115.101,38,92.09405
81.9542,119.503,41,93.095107
78.7433,116.168,39,94.096047
66.5971,103.211,29,95.097003
76.5,113.1,35,96.097992
74.378,111.402,35,97.09902
72.7048,109.869,33,98.100005
87.7491,124.573,43,99.100994
91.1201,129.655,45,100.102175
87.1004,125.388,43,101.103227
87.6118,126.061,45,102.104219
88.3854,126.868,45,103.105442
87.7481,126.205,44,104.106463
87.6315,126.179,44,105.107435
88.2598,126.845,45,106.10834
80.2871,118.416,39,107.109193
78.1,115.548,38,108.110137
63.889,101.087,29,109.111185
70.9863,108.013,33,110.112158
71.757,108.165,31,111.113197
90.0501,127.328,46,112.114095
88.2193,126.025,45,113.115035
101.628,140.076,54,114.116034
94.4654,133.274,50,115.11702
93.6595,132.23,48,116.117986
92.8122,131.5,48,117.118789
93.529,132.39,49,118.119634
93.3204,131.965,49,119.120576
86.8068,125.382,44,120.121598
82.1169,119.662,40,121.12259
73.1036,110.782,35,122.123504
83.8305,121.613,41,123.12448
71.6352,108.406,32,124.125462
86.0725,123.862,44,125.126407
80.2833,118.124,40,126.127357
78.8349,116.5,40,127.128251
81.6283,118.838,38,128.129243
95.7713,132.851,48,129.1302
87.8507,126.104,44,130.131096
94.0974,132.281,47,131.132008
95.195,133.968,49,132.133121
79.0365,117.1,39,133.134204
88.7224,126.776,45,134.13528
76.0539,113.905,36,135.136249
79.8678,117.288,38,136.137391
93.7886,131.941,47,137.138493
91.8812,130.595,48,138.139498
91.082,129.833,47,139.140577
91.0998,129.865,47,140.141532
83.7097,122.046,42,141.142534
89.8253,128.009,46,142.143348
82.987,121.344,42,143.144172
73.927,111.78,35,144.145081
83.5991,121.371,40,145.1461
80.9475,117.867,40,146.147013
75.8407,113.34,37,147.147867
79.3915,116.609,38,148.148748
86.423,123.864,42,149.149713
90.0399,128.47,46,150.150659
86.0001,124.394,44,151.151585
92.0893,130.673,48,152.152579
89.7006,128.119,45,153.153453
84.284,122.615,42,154.156986
84.7595,123.205,42,155.158223
84.6689,123.137,42,156.159184
83.6281,121.939,42,157.160283
71.8599,109.154,32,158.161439
91.4534,128.389,44,159.162502
69.9527,107.613,33,160.163686
55.7479,92.4074,23,161.164756
87.637,124.107,41,162.16574
84.4331,122.219,42,163.166648
82.3161,120.45,41,164.167707
84.5391,122.249,41,165.16868
90.3404,128.316,46,166.169629
83.6346,121.817,41,167.170629
86.4068,124.864,43,168.17163
87.5639,126.031,45,169.172804
87.5937,126.238,44,170.173865
75.7167,113.746,36,171.174871
86.0399,124.012,42,172.175831
77.2279,115.246,37,173.176812
76.2309,113.761,35,174.177861
76.5556,113.69,36,175.178914
89.4326,127.604,46,176.18017
82.1123,120.278,40,177.181286
70.4767,108.036,32,178.182308
93.3022,131.032,46,179.183347
83.9708,121.919,40,180.184342
78.6723,116.656,39,181.185343
93.0217,131.024,46,182.186351
87.3241,125.209,44,183.187274
85.1217,123.103,42,184.18824
75.9358,113.614,36,185.18927
73.1697,110.491,34,186.19022
90.4693,127.963,43,187.191162
101.806,140.078,53,188.192294
95.7532,134.651,49,189.193209
94.4461,133.366,49,190.194181
91.5116,130.124,46,191.195129
87.6376,126.14,45,192.196004
96.2428,134.904,48,193.197042
87.3704,125.903,44,194.198046
80.6005,118.612,40,195.199181
74.9179,111.658,34,196.200282
83.4288,120.65,40,197.201371
70.6062,108.293,32,198.202425
69.6268,106.734,30,199.203503
89.4426,126.564,44,200.204608
94.7207,133.408,49,201.205597
94.6557,133.565,49,202.206532
94.1059,132.977,50,203.207445
94.2392,133.066,48,204.208394
93.0211,131.771,47,205.20948
94.9338,133.797,49,206.210496
94.5208,133.431,48,207.21148
89.4483,128.327,46,208.212602
74.7404,112.169,36,209.213486
79.2598,117.065,38,210.214433
62.9903,100.373,28,211.215498
80.5409,117.302,37,212.216429
85.7233,122.671,41,213.217354
81.2777,119.191,38,214.218264
76.8183,114.675,37,215.219254
77.0117,114.834,36,216.220366
89.132,126.678,44,217.221398
98.2601,136.212,49,218.222246
93.7942,132.636,48,219.223158
92.3147,131.044,47,220.224004
75.6976,113.421,37,221.224951
81.0688,118.478,40,222.22591
79.0567,117.151,39,223.226844
78.4019,116.022,37,224.227778
84.349,122.021,42,225.228693
82.2793,120.467,41,226.229614
87.1626,125.434,42,227.230577
80.2647,118.447,40,228.231608
80.9758,119.09,39,229.232602
76.7689,114.203,36,230.233477
94.0096,131.96,48,231.234366
84.3634,122.763,41,232.23533
75.9113,113.872,36,233.236241
78.601,116.066,37,234.237171
76.0214,113.342,35,235.23815
83.6665,121.652,40,236.239098
95.7637,133.873,48,237.24003
93.023,131.941,48,238.241294
89.9433,128.682,47,239.242466
86.8467,125.297,45,240.24344
94.9727,133.495,48,241.244347
84.045,122.5,41,242.245327
81.431,119.509,40,243.246247
80.8839,119.034,40,244.247186
76.4071,114.289,37,245.248167
63.313,100.592,28,246.249205
93.3153,129.512,46,247.250166
83.991,121.666,39,248.251184
77.493,114.773,37,249.252075
82.4066,119.903,40,250.253148
86.3263,124.686,43,251.254229
98.7771,137.133,51,252.255258
91.5481,130.194,47,253.256266
91.2088,129.981,47,254.257334
91.2936,130.258,46,255.258285
91.2838,130.158,46,256.259279
89.9668,128.762,45,257.260236
90.1807,128.951,46,258.261214
73.8235,111.676,35,259.262058
83.6539,121.659,41,260.263007
81.4191,119.243,40,261.263983
77.7387,115.176,37,262.264932
87.0679,125.134,42,263.265979
85.772,123.526,42,264.266956
87.1126,125.051,45,265.26798
93.0049,131.398,47,266.269385
84.1215,122.663,42,267.270449
83.1947,121.581,42,268.27154
80.7155,118.388,38,269.272661
86.359,124.235,43,270.2737
89.7297,128.074,44,271.274695
85.5099,123.628,42,272.275634
74.7457,112.584,35,273.276572
74.4429,112.272,34,274.277478
81.9851,119.717,39,275.278387
81.4406,119.373,39,276.2794
94.9824,132.75,48,277.280504
80.5645,118.935,40,278.281513
80.807,119.066,39,279.282635
82.4495,120.431,40,280.283735
94.7775,132.809,48,281.284705
78.8622,116.937,39,282.28571
87.3765,125.694,43,283.286634
75.9253,113.455,36,284.28773
72.1768,109.953,33,285.288803
76.6834,114.082,35,286.289768
97.9902,135.711,49,287.290684
92.0779,130.717,46,288.291634
95.9501,135.018,51,289.292674
95.5804,134.595,50,290.293687
95.3298,134.364,50,291.294614
95.8425,134.772,49,292.295509
87.0445,125.492,43,293.296495
97.3603,135.97,50,294.29979
87.487,126.146,44,295.300835
79.3617,117.672,38,296.301741
81.3249,118.677,38,297.30266
77.1296,114.431,36,298.30363
63.7056,101.058,28,299.304675
85.9197,122.65,40,300.305661
85.8435,124.131,44,301.306659
83.415,121.597,43,302.307685
84.4371,122.545,42,303.308672
88.0407,125.813,43,304.309606
87.1797,125.535,43,305.310594
96.6484,134.877,49,306.311563
96.8089,135.553,48,307.312478
88.9327,127.602,45,308.313422
78.0042,116.027,38,309.314358
75.2001,112.89,35,310.315298
79.5952,117.383,38,311.316223
74.6471,112.004,34,312.317204
86.1947,124.085,42,313.318084
96.191,134.658,49,314.319078
96.6109,135.528,49,315.320099
89.999,128.788,45,316.321148
94.6219,133.295,49,317.322193
90.0905,128.797,46,318.323293
89.6564,128.296,46,319.324283
89.0059,127.602,45,320.325207
93.3838,131.529,47,321.326259
87.5252,125.546,43,322.327234
87.3301,125.796,43,323.328235
79.541,117.885,38,324.32943
78.6144,116.307,37,325.330401
86.4046,124.349,41,326.331338
86.2445,124.818,44,327.332313
93.993,132.466,48,328.3333
83.1417,121.451,42,329.33443
94.8198,133.478,48,330.335407
85.2301,123.144,42,331.336333
90.1578,128.207,45,332.337461
89.1005,127.805,45,333.338537
79.6038,117.735,39,334.339645
82.7231,119.97,39,335.340615
81.0426,118.172,37,336.341595
72.4668,110.013,33,337.342601
79.2874,115.948,36,338.343592
90.6303,128.372,44,339.347299
90.0473,128.738,45,340.348615
89.9085,-65407.5,44,341.349733
90.3314,129.014,44,342.350876
87.9436,126.694,44,343.352016
82.126,120.366,40,344.353026
89.0879,127.43,43,345.353927
82.1334,120.381,40,346.355057
73.7687,111.649,34,347.356074
90.7863,128.271,44,348.357186
81.3572,119.553,39,349.358291
79.3422,117.559,38,350.359421
78.3251,115.546,37,351.360707
92.624,131.242,47,352.361673
83.2018,121.471,41,353.362683
82.9592,121.482,41,354.363698
84.307,122.714,41,355.364682
97.7007,136.089,50,356.36564
88.7379,127.355,43,357.366644
82.7585,121.161,41,358.367618
88.5326,127.129,44,359.368595
76.5154,114.125,36,360.369493
79.2051,116.634,37,361.370366
67.7497,105.28,31,362.371345
75.6078,112.811,34,363.372375
82.9302,120.458,39,364.373363
102.801,140.367,51,365.374178
95.5838,134.489,47,366.374977
91.0732,129.943,46,367.376
87.6789,126.325,44,368.377183
86.5863,124.832,42,369.378228
89.2962,127.822,44,370.379218
83.6243,122.05,41,371.380166
74.5433,112.603,35,372.381195
84.4813,121.701,40,373.382199
78.5352,116.427,37,374.38324
76.3843,114.145,36,375.384217
83.8909,121.503,41,376.385193
82.7667,121.061,41,377.386355
93.4809,131.994,47,378.387276
81.627,119.748,41,379.391084
83.5285,121.972,41,380.392324
85.4378,123.668,42,381.393239
99.6313,138.343,51,382.394232
93.7117,132.695,47,383.395255
91.9215,130.907,46,384.396159
79.3199,117.392,38,385.397076
78.7566,116.73,38,386.398052
79.3121,117.168,38,387.399021
66.5237,103.702,26,388.400004
93.8691,131.536,47,389.401003
89.0661,126.268,42,390.402074
103.278,142.462,53,391.402932
103.84,143.314,56,392.40376
103.622,143.062,54,393.404715
96.1449,135.035,49,394.405666
107.548,146.158,57,395.406626
102.752,141.906,53,396.407571
102.118,141.461,53,397.408474
85.0603,122.672,38,398.409346
101.435,139.147,50,399.410239
84.0122,122.071,39,400.411107
86.949,124.701,41,401.412041
99.0625,138.107,51,402.412992
92.0767,130.719,46,403.413846
101.339,139.995,51,404.414898
93.4874,132.058,46,405.415895
93.9533,132.707,49,406.417004
95.9775,134.673,46,407.417933
91.9346,130.08,45,408.419033
94.0159,132.412,46,409.42008
77.921,116.203,37,410.421237
80.8312,118.196,39,411.422337
100.54,138.915,50,412.423315
94.1615,133.029,48,413.42454
94.3197,133.206,47,414.425614
100.532,139.071,50,415.426706
103.103,142.044,52,416.427927
92.973,131.824,46,417.429078
84.8475,123.532,41,418.430149
95.771,133.722,46,419.431244
67.123,104.609,29,420.432232
79.2911,116.301,36,421.433299
83.0653,120.965,40,422.434324
85.9206,124.321,41,423.4353
98.6214,136.014,47,424.438669
101.778,140.374,49,425.439767
99.5909,138.735,50,426.440803
87.6215,126.219,41,427.441787
89.3521,127.119,44,428.44295
79.5738,117.48,38,429.444114
74.4831,111.992,34,430.445137
88.9044,127.051,42,431.446114
94.0798,132.292,46,432.44705
100.433,139.159,50,433.447961
100.933,140.261,51,434.449045
99.6012,138.703,50,435.45002
96.8461,135.669,49,436.451018
76.802,114.658,37,437.452034
90.815,128.454,44,438.452983
72.7315,110.414,32,439.45423
74.8562,112.099,33,440.455261
88.8501,126.768,43,441.456236
98.2725,136.795,49,442.457279
97.7675,136.915,49,443.458253
95.8921,134.866,48,444.459425
90.4987,129.114,46,445.460513
88.477,126.894,42,446.461532
75.114,112.576,34,447.462595
81.4327,119.198,37,448.463518
85.2994,122.374,39,449.464445
91.9937,130.347,45,450.465402
94.5554,133.588,47,451.4664
95.396,134.527,47,452.467471
97.6867,136.358,48,453.468472
96.7696,135.153,49,454.469546
101.95,141.021,51,455.470473
80.1889,118.059,38,456.471357
78.0136,115.908,36,457.472236
76.7253,113.859,35,458.47326
92.3048,129.713,45,459.474193
97.9321,136.968,49,460.475113
90.1492,128.83,45,461.476085
98.9268,137.617,49,462.477083
89.0011,127.744,43,463.47795
89.1561,127.803,44,464.478784
87.9811,126.276,42,465.47974
85.8166,123.039,40,466.480716
83.181,121.591,39,467.48171
80.0752,117.918,38,468.482562
92.0913,130.378,45,469.483406
99.1287,138.311,50,470.484425
91.8362,130.693,46,471.485456
101.206,140.108,51,472.486507
92.0925,130.892,45,473.487527
91.021,129.742,45,474.488441
75.2538,112.84,34,475.489272
79.1134,115.986,35,476.490119
88.7358,126.601,43,477.49104
74.9264,112.06,34,478.491987
96.1669,134.944,47,479.492909
88.6514,127.228,43,480.493871
87.0932,125.569,42,481.494896
94.7956,132.789,45,482.495886
107.105,144.743,53,483.496925
90.7004,129.066,43,484.497911
88.4395,126.872,42,485.498969
81.0009,119.056,37,486.500095
94.21,132.483,45,487.501162
91.9449,130.801,46,488.502187
106.049,144.857,53,489.503171
93.0613,131.91,46,490.504075
92.0648,130.915,45,491.504976
91.5069,130.154,44,492.505987
95.0073,132.927,47,493.50698
90.278,128.38,43,494.507936
77.1845,114.954,36,495.508879
80.782,118.018,37,496.509772
87.9938,126.345,43,497.510914
89.1809,127.797,44,498.512073
94.7303,132.949,45,499.513095
99.073,138.147,50,500.514074
99.1599,138.281,50,501.515046
95.1812,134.291,48,502.516166
89.0333,127.344,43,503.517301
82.9576,121.325,40,504.518471
78.0332,115.716,36,505.519544
86.109,124.104,42,506.52054
105.9,144.348,53,507.521612
86.3285,124.768,42,508.522717
86.8324,125.267,41,509.523707
90.2696,128.442,42,510.524557
89.9017,128.21,44,511.525517
85.4535,122.54,40,512.526524
82.5936,120.225,39,513.527486
69.7223,107.128,31,514.528526
77.6693,114.467,34,515.529448
102.428,140.582,52,516.530477
98.4157,137.083,49,517.531512
114.486,153.645,60,518.532681
118.54,158.168,62,519.533732
119.994,159.493,63,520.534796
115.598,155.223,59,521.535924
110.191,149.357,57,522.537247
99.8492,138.923,51,523.540697
105.382,144.09,54,524.541638
105.24,144.191,55,525.542565
95.4572,133.913,47,526.54348
108.386,147.028,53,527.544472
104.029,142.711,52,528.545402
96.7817,134.335,46,529.546225
128.262,166.293,65,530.547085
121.328,160.777,62,531.547952
120.238,159.635,61,532.548913
112.857,152.518,58,533.549865
110.505,149.641,57,534.550753
123.211,162.842,63,535.551819
126.485,164.94,63,536.552831
102.179,141.559,51,537.553621
109.978,148.308,55,538.556778
105.426,143.755,50,539.557926
97.0959,134.938,47,540.5589
119.515,158.262,61,541.559788
111.972,150.993,56,542.560767
115.854,154.285,58,543.561735
123.321,162.258,61,544.56274
114.144,153.232,57,545.563662
113.181,152.394,56,546.564539
100.069,138.859,48,547.56549
99.9859,138.429,48,548.566473
94.9328,133.194,46,549.567577
110.946,149.649,54,550.568475
106.927,146.223,52,551.569461
107.156,146.036,52,552.570501
120.573,159.929,61,553.571807
123.473,162.849,61,554.572833
111.597,150.728,55,555.573714
101.945,140.805,49,556.574487
92.2396,130.403,44,557.575516
95.8637,133.546,47,558.576572
112.193,151.014,56,559.5776
109.247,148.777,56,560.578686
110.378,149.365,56,561.579609
113.92,153.902,58,562.580671
117.05,157.223,60,563.581787
120.967,159.285,60,564.582787
101.439,140.379,50,565.583712
94.3411,132.392,45,566.584734
97.5175,135.891,46,567.585802
97.5253,134.773,48,568.587393
104.94,143.246,55,569.58826
105.283,143.136,55,570.589222
110.967,149.927,56,571.5903
119.881,159.165,60,572.591297
116.749,156.598,58,573.59225
115.855,155.193,57,574.593237
96.3995,134.784,46,575.594205
97.1201,135.546,47,576.595309
96.832,135.412,46,577.596253
110.993,149.4,55,578.597261
109.149,148.529,56,579.598231
112.918,151.579,58,580.599178
117.889,157.07,58,581.600179
116.381,155.516,58,582.60123
112.595,152.38,56,583.602239
108.953,148.102,54,584.603243
111.334,149.872,55,585.604147
108.404,147.912,55,586.605141
92.2381,130.082,44,587.606119
101.31,139.634,49,588.607162
106.722,145.964,52,589.608086
111.314,150.355,55,590.609159
110.483,149.937,55,591.610183
107.884,147.185,54,592.611169
106.817,145.577,53,593.61215
98.0916,136.453,46,594.612962
110.036,149.231,55,595.613916
93.391,131.762,45,596.614854
101.261,139.172,50,597.615848
105.754,143.825,52,598.616773
123.736,161.845,61,599.617838
113.446,152.592,56,600.618739
113.883,152.852,56,601.61966
105.526,144.843,51,602.620664
117.965,156.808,58,603.621593
111.34,150.816,56,604.622635
103.329,142.033,50,605.623631
101.45,140.055,49,606.624638
96.025,134.028,45,607.625701
106.593,145.415,53,608.626669
111.253,150.603,56,609.627737
117.067,156.452,59,610.628873
109.261,148.94,54,611.62994
106.905,146.02,53,612.630958
110.06,149.414,55,613.631916
112.299,151.642,56,614.6329
95.9225,134.316,46,615.633913
100.165,138.405,50,616.634847
106.605,145.309,51,617.635808
111.771,150.756,55,618.636793
113.159,152.659,56,619.637868
102.169,141.276,51,620.638884
117.738,156.852,60,621.639851
121.913,161.205,61,622.640826
107.298,146.592,53,623.641809
92.9203,131.319,45,624.642633
87.876,125.772,40,625.643449
93.2711,130.534,44,626.644296
99.0155,135.743,49,627.64524
110.421,149.726,55,628.646243
104.428,143.562,51,629.647289
115.823,154.847,57,630.648437
121.582,161.337,60,631.649467
113.17,152.718,56,632.650438
104.372,143.715,51,633.651325
97.9886,136.276,47,634.652218
97.937,136.227,47,635.653179
107.717,146.296,53,636.654283
105.22,144.1,54,637.655274
117.757,156.853,59,638.656284
121.392,160.694,61,639.657292
122.214,161.451,60,640.658373
114.44,153.98,56,641.659449
115.311,154.461,57,642.66052
99.4445,138.774,48,643.661576
85.8592,122.808,39,644.662579
83.2184,120.604,38,645.663521
85.8104,122.859,40,646.664472
111.28,150.304,55,647.665527
115.642,155.733,58,648.66659
116.796,157.114,59,649.667612
125.649,163.923,61,650.66872
108.437,148.333,54,651.669981
100.359,139.277,48,652.67103
84.7144,122.095,38,653.671977
79.8622,116.652,35,654.67306
106.977,142.982,48,655.674037
128.238,167.194,63,656.674896
128.136,167.384,63,657.675798
126.773,165.974,62,658.676816
123.602,163.256,61,659.677798
118.344,157.819,59,660.678745
101.02,139.721,48,661.679692
87.2871,124.918,39,662.680698
77.6101,114.573,33,663.681827
96.0161,133.305,45,664.682862
120.77,160.151,60,665.683769
123.639,162.881,62,666.684699
123.708,163.169,62,667.685656
123.284,162.646,61,668.686635
115.057,154.481,57,669.687646
102.185,141.169,49,670.688577
89.1513,126.224,41,671.689466
93.8177,131.963,45,672.690426
96.2211,133.948,45,673.691414
117.96,155.743,58,674.692279
121.826,159.94,59,675.693183
128.092,166.554,65,676.694023
125.817,165.482,63,677.694931
121.914,160.504,61,678.695901
122.765,161.62,61,679.697015
104.895,143.345,52,680.697975
111.479,150.955,57,681.698912
100.3,139.143,48,682.699846
114.957,152.138,57,683.70342
110.088,147.537,53,684.704362
106.952,145.739,53,685.705321
114.503,153.89,57,686.706313
117.218,156.494,57,687.707296
109.523,148.947,53,688.70819
109.562,148.133,55,689.709118
111.452,150.804,56,690.710179
108.911,148.218,53,691.711205
109.894,147.989,54,692.712139
112.565,152.068,56,693.713158
115.188,154.375,59,694.714003
115.512,154.392,56,695.714819
112.707,152.452,56,696.715664
104.66,143.671,52,697.716516
110.335,149.08,54,698.717388
111.078,150.099,54,699.718366
105.49,144.663,51,700.719405
100.405,138.579,48,701.720498
91.3983,128.928,43,702.721519
103.165,141.423,49,703.722454
109.257,148.114,54,704.723317
108.627,147.938,55,705.724151
114.678,152.969,56,706.725108
116.93,156.322,56,707.726036
118.503,158.391,58,708.726993
110.36,149.168,55,709.728115
102.63,141.126,49,710.729145
89.3303,127.03,40,711.730115
106.597,143.103,52,712.731045
113.972,152.852,56,713.731966
106.971,146.107,52,714.732901
112.234,150.948,55,715.73388
122.905,162.14,61,716.735025
123.304,162.556,61,717.736001
112.332,151.652,54,718.737106
107.062,145.271,52,719.73807
92.7602,131.284,42,720.738861
87.2259,123.946,37,721.73983
104.754,143.507,51,722.740815
114.333,152.878,57,723.741799
118.636,158.162,58,724.742663
121.262,160.767,60,725.743621
121.049,160.883,60,726.744633
114.643,153.7,57,727.74553
100.893,139.358,48,728.746441
100.554,139.034,49,729.747528
95.9615,133.645,45,730.748588
107.898,146.654,53,731.749616
111.037,150.187,53,732.750569
112.066,151.664,56,733.751522
123.698,161.989,61,734.752501
115.296,154.677,56,735.753522
113.418,152.982,58,736.754488
95.8302,134.591,45,737.755445
85.4892,122.501,39,738.756508
92.3707,129.536,43,739.757528
91.1851,126.874,39,740.758488
119.755,158.066,59,741.759491
128.59,167.281,63,742.760573
129.159,167.826,63,743.761577
115.408,154.458,58,744.762571
112.055,151.691,55,745.763535
110.01,149.253,55,746.764517
114.178,152.788,56,747.765537
102.684,141.887,50,748.766586
105.387,143.295,52,749.767468
106.645,145.47,51,750.7683
110.862,149.555,56,751.769307
110.297,149.14,55,752.77031
116.666,155.754,58,753.771392
110.42,149.994,55,754.772416
111.063,150.299,54,755.773236
122.64,161.862,60,756.774151
110.202,149.226,53,757.775137
102.86,141.674,49,758.776158
89.2764,127.408,40,759.777165
108.819,146.779,53,760.778034
104.697,143.52,52,761.778863
111.623,150.514,56,762.779761
108.579,147.628,53,763.780798
112.893,152.447,57,764.781705
120.259,160.407,59,765.782604
112.907,152.735,55,766.783534
103.222,141.2,50,767.784458
102.932,141.096,49,768.785327
95.3948,132.477,42,769.786245
109.67,148.105,55,770.787213
117.596,157.197,59,771.788183
110.037,149.601,55,772.789194
114.137,153.326,56,773.790118
123.771,163.125,61,774.792653
119.59,159.397,59,775.793648
-65430,144.704,51,776.794645
100.32,138.827,46,777.796345
103.63,141.932,50,778.797381
105.268,143.596,50,779.798298
114.559,154.01,56,780.799245
105.133,144.162,51,781.800203
117.815,156.761,57,782.801303
123.077,162.492,61,783.802369
116.98,156.63,58,784.803234
114.593,153.694,56,785.804274
101.764,140.275,48,786.805469
98.3615,136.471,46,787.806416
100.258,138.253,47,788.807406
103.862,142.679,51,789.808423
111.485,150.516,56,790.809448
105.081,143.861,54,791.810445
120.698,160.824,61,792.811489
110.841,150.113,54,793.812624
107.771,147.325,53,794.813525
92.8369,130.593,41,795.814309
117.723,154.595,58,796.815101
97.5242,135.801,47,797.816089
111.465,149.776,57,798.817168
114.201,153.133,58,799.818196
122.99,161.559,62,800.819071
133.299,171.225,67,801.8201
134.994,171.897,68,802.821061
132.684,170.023,67,803.82188
131.994,169.337,65,804.822837
109.713,147.493,52,805.823761
105.926,144.201,49,806.824674
67.9338,104.469,24,807.825497
108.794,-65390.5,53,808.826513
121.568,159.306,59,809.827507
133.952,171.404,66,810.828458
135.639,172.458,67,811.829415
135.692,172.709,67,812.830412
123.627,161.902,61,813.831364
120.045,158.627,59,814.83244
104.933,143.638,51,815.833373
117.554,156.105,59,816.834335
118.557,156.634,59,817.835255
128.167,164.083,63,818.836585
101.592,139.946,47,819.837582
110.192,148.934,54,820.838526
119.153,158.946,59,821.83952
104.544,141.951,51,822.840432
104.839,142.211,48,823.841252
91.8899,128.797,41,824.842126
120.669,159.108,59,825.842988
117.76,156.595,57,826.843877
114.099,153.214,55,827.844875
116.011,154.656,56,828.845971
125.411,164.198,60,829.847039
110.608,149.048,52,830.847989
101.585,140.126,47,831.848918
99.3214,136.708,46,832.849763
120.21,158.351,57,833.850745
118.518,157.469,58,834.851686
118.991,158.097,59,835.857054
108.698,147.583,52,836.857931
112.346,150.489,54,837.858936
112.012,150.803,53,838.859929
107.632,145.628,51,839.86099
89.3736,126.901,40,840.862099
104.311,141.896,50,841.863175
116.946,156.53,59,842.864137
114.153,152.313,56,843.865096
111.828,150.063,53,844.866073
110.576,149.33,55,845.867088
115.771,154.828,55,846.868249
103.481,141.483,50,847.869144
90.641,127.299,40,848.870074
108.725,145.368,52,849.870956
121.635,160.063,59,850.871915
121.81,160.892,59,851.872774
119.198,157.757,57,852.873505
111.32,150.477,54,853.874387
112.403,150.759,55,854.875297
114.229,152.453,55,855.876256
104.791,142.963,50,856.877339
87.6613,125.137,39,857.878308
101.416,138.853,48,858.879214
121.692,160.724,61,859.880264
114.611,153.62,56,860.883768
110.042,149.177,54,861.884807
115.545,154.308,58,862.885737
119.92,159.013,58,863.886683
108.796,147.159,53,864.887641
102.59,141.021,48,865.888638
98.8563,136.455,47,866.889657
118.176,156.414,58,867.890596
113.764,152.763,56,868.891432
109.988,149.042,55,869.892447
108.874,147.425,53,870.893399
111.205,150.069,54,871.894496
113.941,153.15,56,872.895505
105.893,144.221,50,873.896495
95.5934,132.954,42,874.897422
95.2847,131.445,42,875.898428
127.736,163.848,63,876.899353
123.065,158.602,62,877.900144
134.727,171.618,65,878.901135
138.461,173.024,69,879.902035
136.679,171.844,68,880.90296
134.592,170.543,66,881.903782
126.115,164.194,60,882.904561
121.973,159.909,58,883.905452
130.542,166.929,64,884.906237
123.888,160.578,60,885.906978
113.363,151.327,53,886.907768
128.102,165.74,61,887.908712
134.761,170.902,64,888.909654
134.163,170.807,62,889.910558
115.131,153.06,55,890.911515
116.475,154.352,55,891.912494
113.905,151.274,54,892.91351
113.009,150.775,54,893.914392
116.846,154.74,55,894.915269
132.45,168.962,63,895.916079
133.52,169.89,64,896.916981
133.705,170.667,63,897.917992
114.665,152.114,54,898.918935
117.682,155.27,55,899.919893
105.869,143.216,51,900.920813
108.019,145.135,50,901.921694
115.475,153.566,57,902.922635
133.747,169.336,64,903.923489
136.241,171.3,66,904.924295
133.715,170.168,63,905.927828
122.688,160.646,57,906.928857
106.078,142.67,50,907.929765
103.283,140.363,46,908.930728
108.046,144.849,51,909.931606
117.873,156.141,56,910.932599
133.453,169.986,63,911.93359
139.515,172.566,69,912.934498
133.521,169.197,64,913.935425
125.957,163.82,58,914.936319
116.021,153.604,54,915.937286
109.728,146.926,50,916.938257
114.624,151.628,53,917.939221
120.963,159.467,58,918.940182
126.571,163.816,60,919.941138
137.63,172.273,66,920.942101
135.605,170.746,65,921.943029
130.651,167.289,61,922.943941
107.789,145.046,50,923.944904
96.5863,133.129,42,924.945776
109.263,145.775,50,925.946582
127.077,165.112,60,926.947437
129.864,166.637,62,927.948421
138.953,173.27,68,928.949301
137.428,171.814,68,929.950103
121.71,157.866,56,930.950974
108.89,146.144,50,931.951945
96.6978,133.326,42,932.95293
115.846,152.463,55,933.953844
123.999,161.334,57,934.954723
136.186,171.788,67,935.955633
139.057,173.631,70,936.956612
138.79,172.513,69,937.957586
132.749,169.326,65,938.958467
130.437,167.894,62,939.959314
112.821,150.619,54,940.960105
119.224,155.938,57,941.960984
132.487,167.877,62,942.961872
116.7,154.613,56,943.962748
128.558,165.399,62,944.96358
139.136,173.606,67,945.964442
128.721,165.481,61,946.965323
122.549,159.939,56,947.966171
113.65,151.145,54,948.967114
122.459,158.582,58,949.96796
121.178,158.874,57,950.968902
112.829,150.075,53,951.969816
132.166,168.63,62,952.970765
139.416,173.44,68,953.971625
127.34,163.211,60,954.97266
119.432,157.222,55,955.97358
107.017,143.73,49,956.974505
121.43,158.066,57,957.975392
120.761,158.187,57,958.976303
121.252,159.074,57,959.977348
132.601,168.893,63,960.978273
139.693,173.433,67,961.979126
125.693,162.087,59,962.980073
111.984,149.687,52,963.981083
105.544,141.78,47,964.98202
120.53,158.045,57,965.982967
115.757,153.566,54,966.983908
122.183,159.3,59,967.984899
136.46,171.773,65,968.985832
134.318,169.976,64,969.986766
128.452,165.31,60,970.990102
114.581,151.955,54,971.991057
110.682,146.989,51,972.991822
114.562,151.463,54,973.992672
113.071,150.867,54,974.993476
123.059,160.426,58,975.99423
136.84,171.505,65,976.995118
134.242,170.258,63,977.996002
123.836,161.193,58,978.996884
110.598,148.398,52,979.997782
109.517,146.166,51,980.998737
122.276,159.368,57,981.999717
110.976,148.938,52,983.00065
124.045,161.109,60,984.001609
139.167,173.555,67,985.002541
134.383,169.359,64,986.003441
127.689,164.743,60,987.004352
114.416,152.183,54,988.005312
113.095,150.571,52,989.006142
118.445,155.163,56,990.007047
114.424,152.568,53,991.007858
126.427,163.461,60,992.008629
139.316,173.408,67,993.009455
135.743,170.776,65,994.010888
128.195,165.505,59,995.011695
115.879,153.768,52,996.012519
107.782,144.331,49,997.013397
124.689,161.609,57,998.014192
106.707,144.079,48,999.015049
126.495,163.302,60,1000.016069
137.326,171.849,66,1001.017079
134.021,169.75,65,1002.017916
125.625,163.081,58,1003.018767
113.801,151.867,54,1004.019601
112.447,149.579,52,1005.020511
122.907,159.848,58,1006.021376
117.034,155.009,54,1007.022319
127.595,163.933,60,1008.023223
139.522,173.116,67,1009.024092
133.324,169.115,64,1010.025013
126.755,163.964,59,1011.026005
109.414,147.316,50,1012.026934
105.66,141.92,50,1013.027823
120.687,158.423,57,1014.028739
114.063,151.529,51,1015.029649
133.814,169.565,63,1016.030543
139.396,172.908,68,1017.031435
135.626,171.153,65,1018.032209
127.787,164.592,59,1019.033021
113.152,150.941,53,1020.033811
107.446,143.254,49,1021.034775
113.136,150.684,51,1022.035657
114.123,150.958,52,1023.036592
133.861,168.703,64,1024.037509
138.889,172.611,66,1025.038474
134.067,169.78,63,1026.039449
120.702,158.436,56,1027.040442
101.458,138.92,46,1028.041309
104.765,139.748,50,1029.042212
111.566,149.188,51,1030.043065
125.141,161.798,58,1031.046488
139.193,173.076,67,1032.04757
139.304,173.307,68,1033.048487
130.663,167.34,62,1034.049309
120.844,158.58,57,1035.050254
104.004,141.078,47,1036.0512
113.43,149.36,52,1037.052108
107.988,145.412,48,1038.053046
128.574,164.264,61,1039.054061
139.241,173.317,66,1040.055035
136.299,170.896,65,1041.055901
127.576,164.438,60,1042.056846
118.736,156.241,55,1043.057716
100.395,136.643,45,1044.058654
112.418,149.558,52,1045.059611
107.232,143.257,48,1046.060522
137.524,171.176,68,1047.061295
139.415,172.391,71,1048.062162
136.299,171.121,68,1049.063098
139.422,172.436,69,1050.063962
135.743,172.177,65,1051.064829
129.795,165.448,64,1052.065613
117.712,154.566,54,1053.066528
112.605,148.509,52,1054.06751
101.32,136.561,43,1055.06849
111.085,147.076,54,1056.069329
114.482,150.998,55,1057.070154
111.92,148.032,54,1058.071047
103.493,139.02,48,1059.071956
106.189,141.555,51,1060.072871
101.822,137.517,47,1061.07382
112.012,147.721,51,1062.074727
108.322,144.245,49,1063.075637
116.939,153.353,56,1064.076555
111.342,147.338,56,1065.077417
109.257,145.056,53,1066.078264
109.22,145.184,53,1067.079232
114.666,150.72,53,1068.080073
110.402,146.607,50,1069.080908
110.674,146.353,52,1070.081811
114.481,150.432,53,1071.082715
108.878,144.53,51,1072.083605
121.201,157.684,59,1073.084531
117.226,153.421,55,1074.085431
107.74,142.935,48,1075.086313
96.982,131.506,41,1076.08722
106.623,141.636,49,1077.08814
107.618,142.856,49,1078.089131
110.744,146.744,51,1079.090004
117.989,154.016,56,1080.09089
125.692,162.538,60,1081.091781
123.092,159.734,57,1082.092664
110.211,145.617,50,1083.093567
100.916,135.886,44,1084.094474
95.5631,129.758,41,1085.095387
113.417,148.601,52,1086.096307
109.37,144.966,50,1087.097255
116.938,152.92,56,1088.098197
122.82,159.459,58,1089.099107
118.436,154.567,55,1090.099976
112.903,148.786,52,1091.100905
110.533,145.884,51,1092.101838
98.8468,133.36,43,1093.102752
99.0408,133.868,40,1094.103705
117.568,153.266,56,1095.104519
123.376,159.966,59,1096.105374
118.701,155.16,59,1097.106345
119.392,155.826,59,1098.107281
112.907,148.932,53,1099.108195
110.227,145.56,51,1100.109196
90.9898,124.925,36,1101.110177
92.3255,126.164,38,1102.111048
112.878,148.297,52,1103.111983
126.082,162.953,61,1104.112866
122.718,159.481,60,1105.113728
123.298,160.132,59,1106.114624
123.63,160.564,59,1107.115544
105.83,141.051,49,1108.116444
96.6534,130.787,40,1109.117237
78.6763,112.047,28,1110.117994
116.23,151.823,53,1111.121278
124.31,161.162,59,1112.122163
124.845,161.681,60,1113.12297
125.057,161.885,58,1114.123831
118.644,155.022,55,1115.124804
110.035,145.411,50,1116.125663
92.6852,125.63,38,1117.126494
69.3819,101.099,21,1118.127308
-65447.4,121.019,36,1119.128176
106.331,140.321,48,1120.129205
105.946,139.824,46,1121.130155
105.986,139.873,46,1122.131019
106.417,140.412,46,1123.131961
96.2083,129.396,40,1124.132844
79.845,111.971,29,1125.133643
88.9396,121.44,34,1126.13457
103.553,137.185,47,1127.135482
107.992,142.242,51,1128.136345
109.275,143.363,51,1129.137255
108.789,142.833,49,1130.138179
104.993,138.823,45,1131.139101
101.163,134.552,44,1132.139913
81.2998,113.596,30,1133.14079
86.7868,118.672,33,1134.141667
92.0077,124.517,37,1135.142585
105.656,139.125,47,1136.143365
106.72,140.378,47,1137.144131
105.918,139.807,47,1138.144978
104.978,138.883,47,1139.14589
97.2576,130.364,41,1140.146769
80.8139,112.971,30,1141.147629
89.3572,121.937,36,1142.14853
98.0366,131.119,42,1143.149374
106.116,140.032,49,1144.150257
109.11,143.031,50,1145.151098
108.724,142.622,49,1146.151991
103.835,137.545,46,1147.15288
102.502,135.771,45,1148.153747
87.1587,119.731,33,1149.154646
93.2239,125.564,39,1150.155459
87.2007,119.753,34,1151.156344
90.4682,122.803,36,1152.157246
108.59,142.206,49,1153.158125
109.482,143.289,49,1154.159059
103.502,136.978,46,1155.160072
101.823,135.061,44,1156.160991
89.1632,121.642,35,1157.161909
100.209,133.373,44,1158.162753
103.316,136.541,46,1159.163565
89.6717,122.449,34,1160.164354
104.029,137.206,46,1161.165254
109.652,143.406,49,1162.166136
105.577,139.138,45,1163.167055
99.1621,131.996,40,1164.167927
88.405,120.751,34,1165.168852
93.0813,125.506,38,1166.169725
98.7243,131.388,42,1167.170579
86.8603,119.281,33,1168.171449
98.2472,130.739,42,1169.172361
108.359,141.864,47,1170.173319
101.37,134.431,42,1171.174246
97.4,130.212,41,1172.175204
94.1042,126.601,39,1173.176045
94.0064,126.525,40,1174.176897
92.2649,124.685,39,1175.177756
85.1304,116.107,31,1176.178645
85.9825,116.929,31,1177.179472
86.2078,117.288,30,1178.180272
77.5072,107.835,26,1179.181141
66.7106,96.9776,18,1180.182194
69.7188,99.5307,21,1181.183042
85.594,116.6,31,1182.183927
85.9802,116.935,30,1183.184922
86.6473,117.65,31,1184.185923
84.9325,115.769,31,1185.186815
74.2056,104.72,26,1186.187626
74.595,104.708,26,1187.188531
68.0704,98.0463,21,1188.189319
82.4032,112.906,30,1189.19021
86.0458,116.884,33,1190.191045
86.6082,117.413,33,1191.191815
85.9785,116.326,33,1192.19264
86.1318,116.467,34,1193.193488
86.0693,116.449,33,1194.194404
74.5796,104.137,26,1195.19532
60.9729,90.528,17,1196.196607
72.8557,102.238,26,1197.197566
85.3478,115.679,33,1198.198379
85.9431,116.319,33,1199.199229
85.7883,116.082,33,1200.200053
85.2778,115.526,33,1201.20104
85.774,116.13,33,1202.201989
75.5559,105.21,27,1203.202958
65.3936,95.0426,20,1204.203953
68.2407,97.5469,23,1205.204901
76.475,106.414,28,1206.205745
82.4892,112.673,30,1207.206597
81.7068,111.847,30,1208.207465
81.1641,111.272,30,1209.2083
81.2328,111.33,30,1210.209183
70.8925,100.297,23,1211.210149
62.475,91.8948,16,1212.211033
71.4102,100.557,24,1213.211799
80.6558,110.693,30,1214.212646
79.957,110.013,29,1215.213487
81.2891,111.482,30,1216.214366
80.314,110.402,29,1217.215308
72.0318,101.523,24,1218.216247
65.6606,95.1566,19,1219.217267
74.8924,104.305,26,1220.218137
85.2026,115.357,34,1221.219127
84.682,114.924,33,1222.220048
80.4121,110.501,29,1223.220895
80.9189,110.982,29,1224.221693
81.5827,111.79,30,1225.222457
71.2444,100.777,23,1226.223252
62.2742,91.9317,16,1227.224333
72.832,102.151,24,1228.225266
81.492,111.66,30,1229.226155
81.8664,112.142,30,1230.22693
81.5179,111.752,29,1231.227839
82.0822,112.351,29,1232.228832
72.5324,102.072,24,1233.229646
64.9148,94.3699,19,1234.230528
75.3335,104.783,26,1235.231284
85.8062,116.059,33,1236.232105
85.109,115.289,34,1237.232985
85.695,115.959,33,1238.233852
85.1835,115.415,33,1239.234693
84.7935,115.02,33,1240.23555
75.639,105.479,29,1241.236495
74.3703,103.868,27,1242.23753
58.9163,88.1038,16,1243.238505
77.9301,107.709,30,1244.23944
83.4423,113.619,33,1245.24036
82.9137,113.147,33,1246.241308
83.6701,113.92,33,1247.242175
84.1991,114.437,33,1248.243077
81.8608,111.892,31,1249.243932
73.3437,102.709,27,1250.244824
62.5683,91.8082,18,1251.24572
76.6139,106.121,28,1252.24662
81.299,111.272,31,1253.247539
81.1518,111.215,31,1254.248496
80.4532,110.494,31,1255.249455
80.2175,110.285,30,1256.250458
72.7094,102.285,26,1257.251338
70.1276,99.409,24,1258.252095
55.2677,84.3706,15,1259.252904
75.3352,104.631,27,1260.253751
80.3392,110.146,31,1261.254639
81.2701,111.18,30,1262.255449
80.6709,110.59,31,1263.256338
79.918,109.749,30,1264.257306
71.3305,100.523,26,1265.25822
62.0376,91.2019,19,1266.259589
73.5012,102.763,27,1267.260515
83.9759,114.081,34,1268.261444
81.375,-65424.6,32,1269.262277
78.4081,108.347,30,1270.263054
78.9765,108.9,29,1271.263954
80.0328,109.966,30,1272.264826
67.8186,96.8795,23,1273.265741
60.4807,89.6316,16,1274.266634
71.3597,100.514,24,1275.267442
78.8868,108.786,30,1276.268348
79.0192,108.762,30,1277.269323
78.7225,108.581,29,1278.270244
79.0832,109.022,29,1279.271109
70.586,99.9192,24,1280.27199
60.8276,90.7576,20,1281.273096
44.9521,75.8916,12,1282.274103
50.4813,79.6223,12,1283.275418
52.3116,81.4144,12,1284.276687
54.1994,83.3361,12,1285.27772
52.4231,81.4962,12,1286.279068
52.8409,81.8419,12,1287.280225
51.9716,80.9027,12,1288.28165
70.5868,99.246,31,1289.282894
56.5546,85.588,15,1290.283792
89.7093,120.097,41,1291.284708
86.9327,117.299,39,1292.285661
86.4826,116.878,40,1293.286599
87.0603,117.455,39,1294.287449
86.6244,117.075,38,1295.28837
86.6456,117.114,39,1296.28932
87.2089,117.575,39,1297.290266
85.4559,115.867,38,1298.291113
65.6359,94.6512,23,1299.291979
74.2318,103.689,28,1300.292928
77.3132,106.671,30,1301.29387
77.2748,106.683,30,1302.294752
76.8018,106.104,30,1303.295539
76.5451,105.938,30,1304.296402
77.3662,106.799,29,1305.29741
77.8738,107.282,30,1306.298303
77.4057,106.747,29,1307.299146
64.689,93.7147,22,1308.300006
78.8264,108.449,31,1309.300876
77.2657,106.624,29,1310.301672
77.0995,106.512,30,1311.30268
77.3943,106.766,29,1312.303585
73.5647,102.932,28,1313.304554
76.7124,106.105,29,1314.305406
76.9385,106.327,30,1315.306172
75.3159,104.562,29,1316.307004
66.1046,95.044,25,1317.307836
76.6812,106.042,31,1318.308782
75.4385,104.66,29,1319.309688
76.6022,105.818,30,1320.310566
75.2479,104.427,30,1321.311516
75.857,105.108,29,1322.312446
75.8054,105.025,30,1323.313335
74.5747,103.632,30,1324.314183
69.4629,98.3225,26,1325.315037
74.0992,103.5,31,1326.315821
73.0443,102.051,28,1327.31666
76.3509,105.479,29,1328.317429
77.7065,106.976,30,1329.318162
76.817,106.17,29,1330.318913
77.5865,106.92,29,1331.319684
77.1222,106.403,30,1332.320509
76.1775,105.391,29,1333.321402
66.4082,95.1991,22,1334.322369
76.3151,105.917,32,1335.323179
77.38,106.56,30,1336.323993
77.1045,106.313,29,1337.32489
77.5932,106.917,30,1338.325731
75.9732,105.125,30,1339.326588
76.2995,105.55,29,1340.327484
77.6495,106.935,30,1341.328395
76.1105,105.32,29,1342.329256
62.4588,91.0095,20,1343.330195
79.8929,109.626,35,1344.331034
76.5935,105.805,29,1345.331985
77.3999,106.723,30,1346.332858
76.1944,105.402,29,1347.333688
77.5278,106.881,30,1348.334555
76.8723,106.117,30,1349.33541
76.3494,105.661,29,1350.336447
77.3505,106.603,30,1351.337388
59.4296,87.8748,18,1352.338404
82.6321,112.434,36,1353.339308
76.7308,105.954,29,1354.340187
76.8229,106.039,30,1355.341108
76.324,105.511,29,1356.344197
76.3434,105.5,29,1357.345065
77.0332,106.282,30,1358.345918
76.0787,105.302,28,1359.346736
76.9427,106.16,30,1360.347557
56.4774,84.7156,17,1361.348569
84.5466,114.507,37,1362.349491
76.8854,106.063,30,1363.350308
76.4986,105.683,30,1364.35113
76.9673,106.177,30,1365.351882
76.592,105.942,30,1366.352673
76.5258,105.725,30,1367.353559
77.0037,106.287,30,1368.354403
76.7952,105.976,30,1369.355239
58.2574,86.6059,18,1370.356105
83.8202,113.738,36,1371.357007
76.422,105.539,29,1372.357843
76.5287,105.734,30,1373.358641
76.7703,105.918,29,1374.359376
78.1335,107.517,29,1375.360118
78.1167,107.546,30,1376.36091
77.6082,107.018,29,1377.361757
79.2453,108.755,29,1378.362672
61.0771,89.9698,20,1379.363562
71.0343,100.868,26,1380.364535
58.0977,86.7149,17,1381.365455
39.6393,69.2194,12,1382.36681
,,,
,-11977.065,,